Assignments,popularity,explicit,danceability,energy,key,loudness,mode,speechiness,acousticness,instrumentalness,liveness,valence,tempo,time_signature
0,6.285292403341752,0.009481251214299592,0.5690118515640148,0.5390368682339228,5.270953953759472,-10.808022848261121,0.6497765688750728,0.08936104915484867,0.4879214919541493,0.23752243101379586,0.2263957528657467,0.5523442867689893,130.38545451719523,3.9003691470759665
1,4.770996409864046,0.006709434406450474,0.426293684892002,0.27528323724324544,5.113295273968571,-15.14462674357017,0.6837737625801895,0.12472285327526417,0.8155998879036063,0.287498023858514,0.21823720204814417,0.39409241363074454,75.70235030310143,3.749985286328056
2,60.02591652015368,0.200625122094159,0.6311028846779976,0.6217830018232717,5.346486944064596,-7.5320042325975045,0.6146382757048903,0.09968139610601005,0.3058592711590797,0.043178952316858844,0.18738395519958395,0.5295266632805907,91.74453493520913,3.945497167415511
3,60.60325480674585,0.14456329155456396,0.6650605682787619,0.6499263901830798,5.288207887656671,-7.318606142135307,0.6180851761926636,0.07335002952949642,0.2650240534871054,0.04984244019620738,0.1855012579565598,0.5424326976835756,123.08114364459664,3.9616116543080255
4,50.81292866941015,0.11311156835848193,0.5733348765432078,0.6535781658664833,5.292981252857796,-7.559639174668479,0.6596364883401921,0.07682065043438469,0.28513752572873896,0.0531139644587336,0.202695684727938,0.5302514678783721,144.92054698216654,3.9277549154092366
